Légumes;Poissons;Viandes;Épicerie;Épicerie sucrée;Petit déjeuner;Fruits;Rayon frais;Crèmerie;Conserves;Apéritifs;Boissons;Articles Maison;Hygiène;Bureau;Animaux
Ail;Bigorneaux;Agneau;Blé dur;Abricots secs;Barres chocolatées;Abricots;Croque monsieur;Beurre;Anchois;Biscuits salés;Alcools fort;Allume barbecue;Après rasage;Bloc note;Boites
Artichaut;Cabillaud;Aiguillette de boeuf;Bouillon cube;Amandes;Biscottes;Ananas;Crudités;Boisson lactée;Bolognaise;Blinis mini;Bière;Allumettes;Brosse à dents;Calculatrice;Croquettes
Asperges;Colin;Aiguillette de poulet;Boulgour;Beurre de cacahuète;Biscuite;Bananes;Feuilles de brick;Crème dessert;Compote;Bretzel;Eau gazeuse;Anticalcaire;Cire épilation;Chemises carton;Foins
Aubergine;Coques;Andouille;Cannelle;Cassonade;Brioche;Brugnon;Foie gras;Crème fraîche;Flageolets;Cacahuètes;Eau minérale;Assouplissant;Coton à démaquiller;Ciseau à papier;Graines
Avocat;Coquille St-Jacques;Andouillette;Chapelure;Citron confits;Cacao;Cassis;Galettes;Feta;Fruits au sirop;Chips;Jus de fruits;Bougies;Coton tiges;Colle;Litière
Betterave;Crabe;Bacon;Coriandre;Dattes;Café en grains;Cerises;Pâtes à tarte;Fromage blanc;Gaspacho;Fruits secs;Sirop;Cirage;Couches bébé;Crayons à papier;Pâtées
Blette;Crevettes;Bavette (boeuf);Cornichons;Figues sèches;Café moulu;Citrons;Pâtes fraîches;Fromages;Haricots vert;Guacamole;Soda;Cure dents;Crème main;Crayons de couleur;
Brocolis;Écrevisses;Bifteck de boeuf;Croûton;Gingembre confit;Café soluble;Clémentine;Piémontaise;Lait;Maïs;Mini-feuilletés;Vin;Désodorisant;Démaquillant;Encre Imprimante;
Carotte;Encornet;Boeuf (entrecôte);Curry;Noisettes;Céréales;Figue;Pizzas;Margarine;Pâté;Œufs de poisson;;Détachant;Dentifrice;Enveloppes;
Céleri;Gambas;Burgers;Farine;Noix coco râpée;Chicorée;Fraises;Quenelles;Mascarpone;Petits pois;Olives;;Eau de javel;Déodorant;Étiquettes;
Champignons;Hareng fumé;Caille;Graine de sésame;Noix de cajou;Confiture;Framboise;Quiches;Mozzarella;Sardine;Pistaches;;Éponges;Fil dentaire;Ficelle;
Champignons chinois;Homard;Canard;Graine de tournesol;Orange confite;Crêpes;Fruit de la passion;Ravioles;Œufs;Sauce tomate;Tarama;;Essuie lunette;Gel douche;Gomme;
Chou;Huîtres;Cervelas;Haricots;Pignons;Croissants;Grenade;Taboulé;Petit suisse;Soupes;Tuiles salées;;Essuie tout;Gel spray;Papier à lettre;
Chou de Bruxelles;Langoustine;Chair à saucisse;Herbes de Provence;Pruneaux;Dosettes de café;Groseille;;Petits pots bébé;Thon;Tzatziki;;Film plastique;Gel tube;Papier cadeau;
Choucroute;Maquereaux;Chipolatas;Huile;Raisins secs;Gaufres;Kaki;;Riz au lait;;;;Filtre à café;Mousse à raser;Papier imprimante;
Chou-fleur;Moules;Chorizo;Huile d'olive;Sucre vanillé;Madeleines;Kiwis;;Yaourts;;;;Gants de ménage;Ouate;Scotch;
Chou-rouge;Poissons eau douce;Cordon bleu;Ketchup;;Muffins;Litchi;;;;;;Insecticide;Pansements;Souris de correction;
Ciboulette;Poissons mer;Côte de boeuf;Lentilles;;Miel;Mandarines;;;;;;Lessive;Papier toilette;Stylo bille;
Citrouille;Poissons panés;Côtelettes d'agneau;Levure;;Pain au chocolat;Mangue;;;;;;Mouchoirs;Produit lentilles;Surligneur;
Coeur de palmier;Poulpe;Côtes de porc;Maïzena;;Pain d'épice;Melons;;;;;;Nettoyant Four;Protection intime;Taille-crayon;
Concombre;Sardines;Côtes de veau;Mayonnaise;;Pancakes;Mirabelle;;;;;;Nettoyant SDB;Rasoirs;Timbres;
Courge;Saumon;Croc's jambon;Millet;;Pâte à tartiner;Mûre;;;;;;Nettoyant WC;Savon main;Trombones;
Courgette;Saumon fumé;Cuisses poulet rôti;Moutarde;;Quatre quart;Myrtille;;;;;;Papier alu;Shampooing;;
Cresson;Soupe de poissons;Dinde;Olives;;Thé;Nectarine;;;;;;Papier sulfurisé;;;
Échalote;Surimi;Échine de porc;Orge;;Tisane;Oranges;;;;;;Piles;;;
Endive;;Escalope de veau;Origan;;;Pamplemousses;;;;;;Produit sol;;;
Épinards;;Faux-filet (boeuf);Oyster sauce;;;Pastèque;;;;;;Produit vaisselle;;;
Fenouil;;Filet de poulet;Paprika;;;Pêches;;;;;;Produit vitre;;;
Flageolets;;Filet mignon;Pâtes ;;;Poires;;;;;;Produits dégraissant;;;
Germe de soja;;Foie;Pâtes chinoise;;;Pommes;;;;;;Sachets glaçon;;;
Gingembre;;Foie de volaille;Pois cassés;;;Prunes;;;;;;Sacs aspirateur;;;
Haricot;;Foie gras;Pois chiches;;;Raisin;;;;;;Sacs congélation;;;
Lentilles;;Gésiers de canard;Poivre;;;Rhubarbe;;;;;;Sacs poubelles;;;
Macédoine;;Grenouille (cuisses);Polenta;;;;;;;;;Savon;;;
Mâche;;Hamburger;Purée;;;;;;;;;Sel machine;;;
Maïs;;Hot-dog;Quinoa;;;;;;;;;Serviettes papier;;;
Menthe;;Jambon cru;Riz;;;;;;;;;;;;
Navet;;Jambon cuit;Sarrasin;;;;;;;;;;;;
Oignons;;Jambon de volaille;Sauce de soja;;;;;;;;;;;;
Palmier (coeur);;Jambon fumé;Sauce nuoc mam;;;;;;;;;;;;
Persil;;Jambonneau;Sauces fondue;;;;;;;;;;;;
Petits pois;;Jarret;Sel;;;;;;;;;;;;
Poireau;;Langue;Semoule;;;;;;;;;;;;
Pois gourmand;;Lapin;Tapioca;;;;;;;;;;;;
Pois mangetout;;Lard;Vinaigre;;;;;;;;;;;;
Poivron;;Lard fumé;;;;;;;;;;;;;
Pomme de terre;;Lardons;;;;;;;;;;;;;
Potimarron;;Magret de canard;;;;;;;;;;;;;
Pousses de bambou;;Merguez;;;;;;;;;;;;;
Radis;;Mortadelle;;;;;;;;;;;;;
Radis noir;;Mousse de foie;;;;;;;;;;;;;
Salade laitue;;Mouton;;;;;;;;;;;;;
Salade composée;;Museau de porc;;;;;;;;;;;;;
Salsifis;;Nuggets;;;;;;;;;;;;;
Tomate;;Pâté de campagne;;;;;;;;;;;;;
Topinambour;;Pâté de foie;;;;;;;;;;;;;
;;Pâté de tête;;;;;;;;;;;;;
;;Paupiettes de veau;;;;;;;;;;;;;
;;Petit salé;;;;;;;;;;;;;
;;Pigeon;;;;;;;;;;;;;
;;Pintade;;;;;;;;;;;;;
;;Poitrine de porc;;;;;;;;;;;;;
;;Poulet;;;;;;;;;;;;;
;;Rillettes;;;;;;;;;;;;;
;;Rosbeef;;;;;;;;;;;;;
;;Rôti de porc;;;;;;;;;;;;;
;;Rôti de veau;;;;;;;;;;;;;
;;Rôti fumé;;;;;;;;;;;;;
;;Rumsteck;;;;;;;;;;;;;
;;Salami;;;;;;;;;;;;;
;;Saucisse de Toulouse;;;;;;;;;;;;;
;;Saucisses;;;;;;;;;;;;;
;;Saucisson à l'ail;;;;;;;;;;;;;
;;Saucisson sec;;;;;;;;;;;;;
;;Steak haché;;;;;;;;;;;;;
;;Tripes;;;;;;;;;;;;;
;;Veau;;;;;;;;;;;;;
;;Viande des grisons;;;;;;;;;;;;;
;;Wings poulet;;;;;;;;;;;;;
